{
    "texture": {
        "width": 16,
        "height": 16
    },
    "bones": {
        "main": {
            "cuboids": [],
            "children": {
                "sect_1": {
                    "transform": {
                        "rotation": [
                            0.17891416079563024,
                            0.24888531165759986,
                            0.6333043872105167
                        ]
                    },
                    "cuboids": [
                        {
                            "offset": [
                                0,
                                -7,
                                0
                            ],
                            "dimensions": [
                                0,
                                8,
                                4
                            ],
                            "uv": [
                                0,
                                0
                            ]
                        }
                    ],
                    "children": {}
                },
                "sect_3": {
                    "transform": {
                        "rotation": [
                            1.3590903278074453,
                            0.8699585047678089,
                            1.3646479391729796
                        ]
                    },
                    "cuboids": [
                        {
                            "offset": [
                                0,
                                -7,
                                -4
                            ],
                            "dimensions": [
                                0,
                                8,
                                4
                            ],
                            "uv": [
                                0,
                                0
                            ]
                        }
                    ],
                    "children": {}
                },
                "sect_2": {
                    "transform": {
                        "rotation": [
                            0.5648517781462821,
                            0.6342147711850502,
                            0.7179487463861681
                        ]
                    },
                    "cuboids": [
                        {
                            "offset": [
                                0,
                                -7,
                                -2
                            ],
                            "dimensions": [
                                0,
                                8,
                                4
                            ],
                            "uv": [
                                0,
                                0
                            ]
                        }
                    ],
                    "children": {}
                }
            }
        }
    }
}