{
    "texture": {
        "width": 32,
        "height": 32
    },
    "bones": {
        "main": {
            "transform": {
                "origin": [
                    0,
                    3.624999999999998,
                    0
                ]
            },
            "cuboids": [
                {
                    "offset": [
                        0.5,
                        -1.9999999999999996,
                        -1.5
                    ],
                    "dimensions": [
                        2,
                        1.9999999999999996,
                        3
                    ],
                    "uv": [
                        0,
                        0
                    ]
                },
                {
                    "offset": [
                        0,
                        -2.1999999999999984,
                        -1
                    ],
                    "dimensions": [
                        3,
                        0.9999999999999996,
                        2
                    ],
                    "uv": [
                        10,
                        0
                    ]
                },
                {
                    "offset": [
                        0.25,
                        -5.125,
                        -1.5
                    ],
                    "dimensions": [
                        2,
                        3.0000000000000004,
                        3
                    ],
                    "uv": [
                        0,
                        5
                    ]
                }
            ],
            "children": {
                "wheel_2": {
                    "transform": {
                        "origin": [
                            0,
                            -3.6249999999999973,
                            0
                        ],
                        "rotation": [
                            -0.7853981633974483,
                            0,
                            0
                        ]
                    },
                    "cuboids": [
                        {
                            "offset": [
                                0,
                                1.4249999999999992,
                                -1
                            ],
                            "dimensions": [
                                3,
                                0.9999999999999996,
                                2
                            ],
                            "uv": [
                                10,
                                0
                            ]
                        },
                        {
                            "offset": [
                                0.5,
                                1.624999999999998,
                                -1.5
                            ],
                            "dimensions": [
                                2,
                                1.9999999999999996,
                                3
                            ],
                            "uv": [
                                0,
                                0
                            ]
                        }
                    ],
                    "children": {}
                },
                "wheel_3": {
                    "transform": {
                        "origin": [
                            0,
                            -3.6249999999999973,
                            0
                        ],
                        "rotation": [
                            -1.5707963267948966,
                            0,
                            0
                        ]
                    },
                    "cuboids": [
                        {
                            "offset": [
                                0,
                                1.4249999999999992,
                                -1
                            ],
                            "dimensions": [
                                3,
                                0.9999999999999996,
                                2
                            ],
                            "uv": [
                                10,
                                0
                            ]
                        },
                        {
                            "offset": [
                                0.5,
                                1.624999999999998,
                                -1.5
                            ],
                            "dimensions": [
                                2,
                                1.9999999999999996,
                                3
                            ],
                            "uv": [
                                0,
                                0
                            ]
                        }
                    ],
                    "children": {}
                },
                "wheel_8": {
                    "transform": {
                        "origin": [
                            0,
                            -3.6249999999999973,
                            0
                        ],
                        "rotation": [
                            0.7853981633974483,
                            0,
                            0
                        ]
                    },
                    "cuboids": [
                        {
                            "offset": [
                                0,
                                1.4249999999999992,
                                -1
                            ],
                            "dimensions": [
                                3,
                                0.9999999999999996,
                                2
                            ],
                            "uv": [
                                10,
                                0
                            ]
                        },
                        {
                            "offset": [
                                0.5,
                                1.624999999999998,
                                -1.5
                            ],
                            "dimensions": [
                                2,
                                1.9999999999999996,
                                3
                            ],
                            "uv": [
                                0,
                                0
                            ]
                        }
                    ],
                    "children": {}
                },
                "wheel_4": {
                    "transform": {
                        "origin": [
                            0,
                            -3.6249999999999973,
                            0
                        ],
                        "rotation": [
                            -2.356194490192345,
                            0,
                            0
                        ]
                    },
                    "cuboids": [
                        {
                            "offset": [
                                0,
                                1.4249999999999992,
                                -1
                            ],
                            "dimensions": [
                                3,
                                0.9999999999999996,
                                2
                            ],